<?xml version="1.0" encoding="UTF-8"?>
<TcEventSources>
	<Source>		
		<!-- Channel Source IDs -->
		<Id>702</Id>
		<Id>703</Id>
		<Id>704</Id>
		<Id>705</Id>
		<Id>706</Id>
		<Id>707</Id>
		<Id>708</Id>
		<Id>709</Id>
		<Id>710</Id>
		<Id>720</Id>
		<Id>721</Id>
		<Id>722</Id>
		<Id>723</Id>
		<Id>724</Id>
		<Id>725</Id>
		<Id>726</Id>
		<Id>727</Id>
		<Id>728</Id>
		<Id>729</Id>
		<Id>730</Id>
		<!-- Axis Source IDs -->
		<Id>800</Id>
		<Id>801</Id>
		<Id>802</Id>
		<Id>803</Id>
		<Id>804</Id>
		<Id>805</Id>
		<Id>806</Id>
		<Id>807</Id>
		<Id>808</Id>
		<Id>809</Id>
		<Id>810</Id>
		<Id>811</Id>
		<Id>812</Id>
		<Id>813</Id>
		<Id>814</Id>
		<Id>815</Id>
		<Id>816</Id>
		<Id>817</Id>
		<Id>818</Id>
		<Id>819</Id>
		<Id>820</Id>
		<Id>821</Id>
		<Id>822</Id>
		<Id>823</Id>
		<Id>824</Id>
		<Id>825</Id>
		<Id>826</Id>
		<Id>827</Id>
		<Id>828</Id>
		<Id>829</Id>
		<Id>830</Id>
		<Id>831</Id>
		<Id>832</Id>
		<Id>833</Id>
		<Id>834</Id>
		<Id>835</Id>
		<Id>836</Id>
		<Id>837</Id>
		<Id>838</Id>
		<Id>839</Id>
		<Id>840</Id>
		<Id>841</Id>
		<Id>842</Id>
		<Id>843</Id>
		<Id>844</Id>
		<Id>845</Id>
		<Id>846</Id>
		<Id>847</Id>
		<Id>848</Id>
		<Id>849</Id>
		<Id>850</Id>
		<!-- PLC Source IDs -->
		<Id>1100</Id>
		<Id>1101</Id>
		<Id>1102</Id>
		<Id>1103</Id>
		<Id>1104</Id>
		<Id>1105</Id>
		<Id>1106</Id>
		<Id>1107</Id>
		<Id>1108</Id>
		<Id>1109</Id>
		<Name LcId="1033">Event type</Name>
		<Name LcId="1031">Event Typ</Name>
		<Event>
			<Id>200</Id>Channel Error<Message LcId="1033">
				%1 %2 @V1:%3 @CH:%4 @FILE:%5 @FOFFS:%6 @BOFFS:0 @PINFO:%7 @VER:%8
			</Message>
			<Message LcId="1031">
				%1 %2 @V1:%3 @CH:%4 @FILE:%5 @FOFFS:%6 @BOFFS:0 @PINFO:%7 @VER:%8
			</Message>
		</Event>
		<Event>
			<Id>201</Id>Axis Error<Message LcId="1033">
				%1 Axis %4: %2 @V1:%3 @V2:%5
			</Message>
			<Message LcId="1031">
				%1 Achse %4: %2 @V1:%3 @V2:%5
			</Message>
		</Event>
		<Event>
			<Id>202</Id>PLC Error<Message LcId="1033">
				%1 PLC: %2 @V1:%3  @Modul:%4 %5
			</Message>
			<Message LcId="1031">
				%1 SPS: %2 @V1:%3 @Modul:%4 %5
			</Message>
		</Event>
		<Event>
			<Id>203</Id>PLC error line of text<Message LcId="1033">
				%1
			</Message>
			<Message LcId="1031">
				%1
			</Message>
		</Event>
		
	</Source>
</TcEventSources>
